lineItemID,orderID,productID,unitPrice,quantity,discount
10248_11,10248,11,14.00,12,0
10248_42,10248,42,9.80,10,0
10248_72,10248,72,34.80,5,0
10249_14,10249,14,18.60,9,0
10249_51,10249,51,42.40,40,0
10250_41,10250,41,7.70,10,0
10250_51,10250,51,42.40,35,0.15
10250_65,10250,65,16.80,15,0.15
10251_22,10251,22,16.80,6,0.05
10251_57,10251,57,15.60,15,0.05
10251_65,10251,65,16.80,20,0
10252_20,10252,20,64.80,40,0.05
10252_33,10252,33,2.00,25,0.05
10252_60,10252,60,27.20,40,0
10253_31,10253,31,10.00,20,0
10253_39,10253,39,14.40,42,0
10253_49,10253,49,16.00,40,0
10254_24,10254,24,3.60,15,0.15
10254_55,10254,55,19.20,21,0.15
10254_74,10254,74,8.00,21,0
10255_2,10255,2,15.20,20,0
10255_16,10255,16,13.90,35,0
10255_36,10255,36,15.20,25,0
10255_59,10255,59,44.00,30,0
10256_53,10256,53,26.20,15,0
10256_77,10256,77,10.40,12,0
10257_27,10257,27,35.10,25,0
10257_39,10257,39,14.40,6,0
10257_77,10257,77,10.40,15,0
10258_2,10258,2,15.20,50,0.2
10258_5,10258,5,17.00,65,0.2
10258_32,10258,32,25.60,6,0.2
10259_21,10259,21,8.00,10,0
10259_37,10259,37,20.80,1,0
10260_41,10260,41,7.70,16,0.25
10260_57,10260,57,15.60,50,0
10260_62,10260,62,39.40,15,0.25
10260_70,10260,70,12.00,21,0.25
10261_21,10261,21,8.00,20,0
10261_35,10261,35,14.40,20,0
10262_5,10262,5,17.00,12,0.2
10262_7,10262,7,24.00,15,0
10262_56,10262,56,30.40,2,0
10263_16,10263,16,13.90,60,0.25
10263_24,10263,24,3.60,28,0
10263_30,10263,30,20.70,60,0.25
10263_74,10263,74,8.00,36,0.25
10264_2,10264,2,15.20,35,0
10264_41,10264,41,7.70,25,0.15
10265_17,10265,17,31.20,30,0
10265_70,10265,70,12.00,20,0
10266_12,10266,12,30.40,12,0.05
10267_40,10267,40,14.70,50,0
10267_59,10267,59,44.00,70,0.15
10267_76,10267,76,14.40,15,0.15
10268_29,10268,29,99.00,10,0
10268_72,10268,72,27.80,4,0
10269_33,10269,33,2.00,60,0.05
10269_72,10269,72,27.80,20,0.05
10270_36,10270,36,15.20,30,0
10270_43,10270,43,36.80,25,0
10271_33,10271,33,2.00,24,0
10272_20,10272,20,64.80,6,0
10272_31,10272,31,10.00,40,0
10272_72,10272,72,27.80,24,0
10273_10,10273,10,24.80,24,0.05
10273_31,10273,31,10.00,15,0.05
10273_33,10273,33,2.00,20,0
10273_40,10273,40,14.70,60,0.05
10273_76,10273,76,14.40,33,0.05
10274_71,10274,71,17.20,20,0
10274_72,10274,72,27.80,7,0
10275_24,10275,24,3.60,12,0.05
10275_59,10275,59,44.00,6,0.05
10276_10,10276,10,24.80,15,0
10276_13,10276,13,4.80,10,0
10277_28,10277,28,36.40,20,0
10277_62,10277,62,39.40,12,0
10278_44,10278,44,15.50,16,0
10278_59,10278,59,44.00,15,0
10278_63,10278,63,35.10,8,0
10278_73,10278,73,12.00,25,0
10279_17,10279,17,31.20,15,0.25
10280_24,10280,24,3.60,12,0
10280_55,10280,55,19.20,20,0
10280_75,10280,75,6.20,30,0
10281_19,10281,19,7.30,1,0
10281_24,10281,24,3.60,6,0
10281_35,10281,35,14.40,4,0
10282_30,10282,30,20.70,6,0
10282_57,10282,57,15.60,2,0
10283_15,10283,15,12.40,20,0
10283_19,10283,19,7.30,18,0
10283_60,10283,60,27.20,35,0
10283_72,10283,72,27.80,3,0
10284_27,10284,27,35.10,15,0.25
10284_44,10284,44,15.50,21,0
10284_60,10284,60,27.20,20,0.25
10284_67,10284,67,11.20,5,0.25
10285_1,10285,1,14.40,45,0.2
10285_40,10285,40,14.70,40,0.2
10285_53,10285,53,26.20,36,0.2
10286_35,10286,35,14.40,100,0
10286_62,10286,62,39.40,40,0
10287_16,10287,16,13.90,40,0.15
10287_34,10287,34,11.20,20,0
10287_46,10287,46,9.60,15,0.15
10288_54,10288,54,5.90,10,0.1
10288_68,10288,68,10.00,3,0.1
10289_3,10289,3,8.00,30,0
10289_64,10289,64,26.60,9,0
10290_5,10290,5,17.00,20,0
10290_29,10290,29,99.00,15,0
10290_49,10290,49,16.00,15,0
10290_77,10290,77,10.40,10,0
10291_13,10291,13,4.80,20,0.1
10291_44,10291,44,15.50,24,0.1
10291_51,10291,51,42.40,2,0.1
10292_20,10292,20,64.80,20,0
10293_18,10293,18,50.00,12,0
10293_24,10293,24,3.60,10,0
10293_63,10293,63,35.10,5,0
10293_75,10293,75,6.20,6,0
10294_1,10294,1,14.40,18,0
10294_17,10294,17,31.20,15,0
10294_43,10294,43,36.80,15,0
10294_60,10294,60,27.20,21,0
10294_75,10294,75,6.20,6,0
10295_56,10295,56,30.40,4,0
10296_11,10296,11,16.80,12,0
10296_16,10296,16,13.90,30,0
10296_69,10296,69,28.80,15,0
10297_39,10297,39,14.40,60,0
10297_72,10297,72,27.80,20,0
10298_2,10298,2,15.20,40,0
10298_36,10298,36,15.20,40,0.25
10298_59,10298,59,44.00,30,0.25
10298_62,10298,62,39.40,15,0
10299_19,10299,19,7.30,15,0
10299_70,10299,70,12.00,20,0
10300_66,10300,66,13.60,30,0
10300_68,10300,68,10.00,20,0
10301_40,10301,40,14.70,10,0
10301_56,10301,56,30.40,20,0
10302_17,10302,17,31.20,40,0
10302_28,10302,28,36.40,28,0
10302_43,10302,43,36.80,12,0
10303_40,10303,40,14.70,40,0.1
10303_65,10303,65,16.80,30,0.1
10303_68,10303,68,10.00,15,0.1
10304_49,10304,49,16.00,30,0
10304_59,10304,59,44.00,10,0
10304_71,10304,71,17.20,2,0
10305_18,10305,18,50.00,25,0.1
10305_29,10305,29,99.00,25,0.1
10305_39,10305,39,14.40,30,0.1
10306_30,10306,30,20.70,10,0
10306_53,10306,53,26.20,10,0
10306_54,10306,54,5.90,5,0
10307_62,10307,62,39.40,10,0
10307_68,10307,68,10.00,3,0
10308_69,10308,69,28.80,1,0
10308_70,10308,70,12.00,5,0
10309_4,10309,4,17.60,20,0
10309_6,10309,6,20.00,30,0
10309_42,10309,42,11.20,2,0
10309_43,10309,43,36.80,20,0
10309_71,10309,71,17.20,3,0
10310_16,10310,16,13.90,10,0
10310_62,10310,62,39.40,5,0
10311_42,10311,42,11.20,6,0
10311_69,10311,69,28.80,7,0
10312_28,10312,28,36.40,4,0
10312_43,10312,43,36.80,24,0
10312_53,10312,53,26.20,20,0
10312_75,10312,75,6.20,10,0
10313_36,10313,36,15.20,12,0
10314_32,10314,32,25.60,40,0.1
10314_58,10314,58,10.60,30,0.1
10314_62,10314,62,39.40,25,0.1
10315_34,10315,34,11.20,14,0
10315_70,10315,70,12.00,30,0
10316_41,10316,41,7.70,10,0
10316_62,10316,62,39.40,70,0
10317_1,10317,1,14.40,20,0
10318_41,10318,41,7.70,20,0
10318_76,10318,76,14.40,6,0
10319_17,10319,17,31.20,8,0
10319_28,10319,28,36.40,14,0
10319_76,10319,76,14.40,30,0
10320_71,10320,71,17.20,30,0
10321_35,10321,35,14.40,10,0
10322_52,10322,52,5.60,20,0
10323_15,10323,15,12.40,5,0
10323_25,10323,25,11.20,4,0
10323_39,10323,39,14.40,4,0
10324_16,10324,16,13.90,21,0.15
10324_35,10324,35,14.40,70,0.15
10324_46,10324,46,9.60,30,0
10324_59,10324,59,44.00,40,0.15
10324_63,10324,63,35.10,80,0.15
10325_6,10325,6,20.00,6,0
10325_13,10325,13,4.80,12,0
10325_14,10325,14,18.60,9,0
10325_31,10325,31,10.00,4,0
10325_72,10325,72,27.80,40,0
10326_4,10326,4,17.60,24,0
10326_57,10326,57,15.60,16,0
10326_75,10326,75,6.20,50,0
10327_2,10327,2,15.20,25,0.2
10327_11,10327,11,16.80,50,0.2
10327_30,10327,30,20.70,35,0.2
10327_58,10327,58,10.60,30,0.2
10328_59,10328,59,44.00,9,0
10328_65,10328,65,16.80,40,0
10328_68,10328,68,10.00,10,0
10329_19,10329,19,7.30,10,0.05
10329_30,10329,30,20.70,8,0.05
10329_38,10329,38,210.80,20,0.05
10329_56,10329,56,30.40,12,0.05
10330_26,10330,26,24.90,50,0.15
10330_72,10330,72,27.80,25,0.15
10331_54,10331,54,5.90,15,0
10332_18,10332,18,50.00,40,0.2
10332_42,10332,42,11.20,10,0.2
10332_47,10332,47,7.60,16,0.2
10333_14,10333,14,18.60,10,0
10333_21,10333,21,8.00,10,0.1
10333_71,10333,71,17.20,40,0.1
10334_52,10334,52,5.60,8,0
10334_68,10334,68,10.00,10,0
10335_2,10335,2,15.20,7,0.2
10335_31,10335,31,10.00,25,0.2
10335_32,10335,32,25.60,6,0.2
10335_51,10335,51,42.40,48,0.2
10336_4,10336,4,17.60,18,0.1
10337_23,10337,23,7.20,40,0
10337_26,10337,26,24.90,24,0
10337_36,10337,36,15.20,20,0
10337_37,10337,37,20.80,28,0
10337_72,10337,72,27.80,25,0
10338_17,10338,17,31.20,20,0
10338_30,10338,30,20.70,15,0
10339_4,10339,4,17.60,10,0
10339_17,10339,17,31.20,70,0.05
10339_62,10339,62,39.40,28,0
10340_18,10340,18,50.00,20,0.05
10340_41,10340,41,7.70,12,0.05
10340_43,10340,43,36.80,40,0.05
10341_33,10341,33,2.00,8,0
10341_59,10341,59,44.00,9,0.15
10342_2,10342,2,15.20,24,0.2
10342_31,10342,31,10.00,56,0.2
10342_36,10342,36,15.20,40,0.2
10342_55,10342,55,19.20,40,0.2
10343_64,10343,64,26.60,50,0
10343_68,10343,68,10.00,4,0.05
10343_76,10343,76,14.40,15,0
10344_4,10344,4,17.60,35,0
10344_8,10344,8,32.00,70,0.25
10345_8,10345,8,32.00,70,0
10345_19,10345,19,7.30,80,0
10345_42,10345,42,11.20,9,0
10346_17,10346,17,31.20,36,0.1
10346_56,10346,56,30.40,20,0
10347_25,10347,25,11.20,10,0
10347_39,10347,39,14.40,50,0.15
10347_40,10347,40,14.70,4,0
10347_75,10347,75,6.20,6,0.15
10348_1,10348,1,14.40,15,0.15
10348_23,10348,23,7.20,25,0
10349_54,10349,54,5.90,24,0
10350_50,10350,50,13.00,15,0.1
10350_69,10350,69,28.80,18,0.1
10351_38,10351,38,210.80,20,0.05
10351_41,10351,41,7.70,13,0
10351_44,10351,44,15.50,77,0.05
10351_65,10351,65,16.80,10,0.05
10352_24,10352,24,3.60,10,0
10352_54,10352,54,5.90,20,0.15
10353_11,10353,11,16.80,12,0.2
10353_38,10353,38,210.80,50,0.2
10354_1,10354,1,14.40,12,0
10354_29,10354,29,99.00,4,0
10355_24,10355,24,3.60,25,0
10355_57,10355,57,15.60,25,0
10356_31,10356,31,10.00,30,0
10356_55,10356,55,19.20,12,0
10356_69,10356,69,28.80,20,0
10357_10,10357,10,24.80,30,0.2
10357_26,10357,26,24.90,16,0
10357_60,10357,60,27.20,8,0.2
10358_24,10358,24,3.60,10,0.05
10358_34,10358,34,11.20,10,0.05
10358_36,10358,36,15.20,20,0.05
10359_16,10359,16,13.90,56,0.05
10359_31,10359,31,10.00,70,0.05
10359_60,10359,60,27.20,80,0.05
10360_28,10360,28,36.40,30,0
10360_29,10360,29,99.00,35,0
10360_38,10360,38,210.80,10,0
10360_49,10360,49,16.00,35,0
10360_54,10360,54,5.90,28,0
10361_39,10361,39,14.40,54,0.1
10361_60,10361,60,27.20,55,0.1
10362_25,10362,25,11.20,50,0
10362_51,10362,51,42.40,20,0
10362_54,10362,54,5.90,24,0
10363_31,10363,31,10.00,20,0
10363_75,10363,75,6.20,12,0
10363_76,10363,76,14.40,12,0
10364_69,10364,69,28.80,30,0
10364_71,10364,71,17.20,5,0
10365_11,10365,11,16.80,24,0
10366_65,10366,65,16.80,5,0
10366_77,10366,77,10.40,5,0
10367_34,10367,34,11.20,36,0
10367_54,10367,54,5.90,18,0
10367_65,10367,65,16.80,15,0
10367_77,10367,77,10.40,7,0
10368_21,10368,21,8.00,5,0.1
10368_28,10368,28,36.40,13,0.1
10368_57,10368,57,15.60,25,0
10368_64,10368,64,26.60,35,0.1
10369_29,10369,29,99.00,20,0
10369_56,10369,56,30.40,18,0.25
10370_1,10370,1,14.40,15,0.15
10370_64,10370,64,26.60,30,0
10370_74,10370,74,8.00,20,0.15
10371_36,10371,36,15.20,6,0.2
10372_20,10372,20,64.80,12,0.25
10372_38,10372,38,210.80,40,0.25
10372_60,10372,60,27.20,70,0.25
10372_72,10372,72,27.80,42,0.25
10373_58,10373,58,10.60,80,0.2
10373_71,10373,71,17.20,50,0.2
10374_31,10374,31,10.00,30,0
10374_58,10374,58,10.60,15,0
10375_14,10375,14,18.60,15,0
10375_54,10375,54,5.90,10,0
10376_31,10376,31,10.00,42,0.05
10377_28,10377,28,36.40,20,0.15
10377_39,10377,39,14.40,20,0.15
10378_71,10378,71,17.20,6,0
10379_41,10379,41,7.70,8,0.1
10379_63,10379,63,35.10,16,0.1
10379_65,10379,65,16.80,20,0.1
10380_30,10380,30,20.70,18,0.1
10380_53,10380,53,26.20,20,0.1
10380_60,10380,60,27.20,6,0.1
10380_70,10380,70,12.00,30,0
10381_74,10381,74,8.00,14,0
10382_5,10382,5,17.00,32,0
10382_18,10382,18,50.00,9,0
10382_29,10382,29,99.00,14,0
10382_33,10382,33,2.00,60,0
10382_74,10382,74,8.00,50,0
10383_13,10383,13,4.80,20,0
10383_50,10383,50,13.00,15,0
10383_56,10383,56,30.40,20,0
10384_20,10384,20,64.80,28,0
10384_60,10384,60,27.20,15,0
10385_7,10385,7,24.00,10,0.2
10385_60,10385,60,27.20,20,0.2
10385_68,10385,68,10.00,8,0.2
10386_24,10386,24,3.60,15,0
10386_34,10386,34,11.20,10,0
10387_24,10387,24,3.60,15,0
10387_28,10387,28,36.40,6,0
10387_59,10387,59,44.00,12,0
10387_71,10387,71,17.20,15,0
10388_45,10388,45,7.60,15,0.2
10388_52,10388,52,5.60,20,0.2
10388_53,10388,53,26.20,40,0
10389_10,10389,10,24.80,16,0
10389_55,10389,55,19.20,15,0
10389_62,10389,62,39.40,20,0
10389_70,10389,70,12.00,30,0
10390_31,10390,31,10.00,60,0.1
10390_35,10390,35,14.40,40,0.1
10390_46,10390,46,9.60,45,0
10390_72,10390,72,27.80,24,0.1
10391_13,10391,13,4.80,18,0
10392_69,10392,69,28.80,50,0
10393_2,10393,2,15.20,25,0.25
10393_14,10393,14,18.60,42,0.25
10393_25,10393,25,11.20,7,0.25
10393_26,10393,26,24.90,70,0.25
10393_31,10393,31,10.00,32,0
10394_13,10394,13,4.80,10,0
10394_62,10394,62,39.40,10,0
10395_46,10395,46,9.60,28,0.1
10395_53,10395,53,26.20,70,0.1
10395_69,10395,69,28.80,8,0
10396_23,10396,23,7.20,40,0
10396_71,10396,71,17.20,60,0
10396_72,10396,72,27.80,21,0
10397_21,10397,21,8.00,10,0.15
10397_51,10397,51,42.40,18,0.15
10398_35,10398,35,14.40,30,0
10398_55,10398,55,19.20,120,0.1
10399_68,10399,68,10.00,60,0
10399_71,10399,71,17.20,30,0
10399_76,10399,76,14.40,35,0
10399_77,10399,77,10.40,14,0
10400_29,10400,29,99.00,21,0
10400_35,10400,35,14.40,35,0
10400_49,10400,49,16.00,30,0
10401_30,10401,30,20.70,18,0
10401_56,10401,56,30.40,70,0
10401_65,10401,65,16.80,20,0
10401_71,10401,71,17.20,60,0
10402_23,10402,23,7.20,60,0
10402_63,10402,63,35.10,65,0
10403_16,10403,16,13.90,21,0.15
10403_48,10403,48,10.20,70,0.15
10404_26,10404,26,24.90,30,0.05
10404_42,10404,42,11.20,40,0.05
10404_49,10404,49,16.00,30,0.05
10405_3,10405,3,8.00,50,0
10406_1,10406,1,14.40,10,0
10406_21,10406,21,8.00,30,0.1
10406_28,10406,28,36.40,42,0.1
10406_36,10406,36,15.20,5,0.1
10406_40,10406,40,14.70,2,0.1
10407_11,10407,11,16.80,30,0
10407_69,10407,69,28.80,15,0
10407_71,10407,71,17.20,15,0
10408_37,10408,37,20.80,10,0
10408_54,10408,54,5.90,6,0
10408_62,10408,62,39.40,35,0
10409_14,10409,14,18.60,12,0
10409_21,10409,21,8.00,12,0
10410_33,10410,33,2.00,49,0
10410_59,10410,59,44.00,16,0
10411_41,10411,41,7.70,25,0.2
10411_44,10411,44,15.50,40,0.2
10411_59,10411,59,44.00,9,0.2
10412_14,10412,14,18.60,20,0.1
10413_1,10413,1,14.40,24,0
10413_62,10413,62,39.40,40,0
10413_76,10413,76,14.40,14,0
10414_19,10414,19,7.30,18,0.05
10414_33,10414,33,2.00,50,0
10415_17,10415,17,31.20,2,0
10415_33,10415,33,2.00,20,0
10416_19,10416,19,7.30,20,0
10416_53,10416,53,26.20,10,0
10416_57,10416,57,15.60,20,0
10417_38,10417,38,210.80,50,0
10417_46,10417,46,9.60,2,0.25
10417_68,10417,68,10.00,36,0.25
10417_77,10417,77,10.40,35,0
10418_2,10418,2,15.20,60,0
10418_47,10418,47,7.60,55,0
10418_61,10418,61,22.80,16,0
10418_74,10418,74,8.00,15,0
10419_60,10419,60,27.20,60,0.05
10419_69,10419,69,28.80,20,0.05
10420_9,10420,9,77.60,20,0.1
10420_13,10420,13,4.80,2,0.1
10420_70,10420,70,12.00,8,0.1
10420_73,10420,73,12.00,20,0.1
10421_19,10421,19,7.30,4,0.15
10421_26,10421,26,24.90,30,0
10421_53,10421,53,26.20,15,0.15
10421_77,10421,77,10.40,10,0.15
10422_26,10422,26,24.90,2,0
10423_31,10423,31,10.00,14,0
10423_59,10423,59,44.00,20,0
10424_35,10424,35,14.40,60,0.2
10424_38,10424,38,210.80,49,0.2
10424_68,10424,68,10.00,30,0.2
10425_55,10425,55,19.20,10,0.25
10425_76,10425,76,14.40,20,0.25
10426_56,10426,56,30.40,5,0
10426_64,10426,64,26.60,7,0
10427_14,10427,14,18.60,35,0
10428_46,10428,46,9.60,20,0
10429_50,10429,50,13.00,40,0
10429_63,10429,63,35.10,35,0.25
10430_17,10430,17,31.20,45,0.2
10430_21,10430,21,8.00,50,0
10430_56,10430,56,30.40,30,0
10430_59,10430,59,44.00,70,0.2
10431_17,10431,17,31.20,50,0.25
10431_40,10431,40,14.70,50,0.25
10431_47,10431,47,7.60,30,0.25
10432_26,10432,26,24.90,10,0
10432_54,10432,54,5.90,40,0
10433_56,10433,56,30.40,28,0
10434_11,10434,11,16.80,6,0
10434_76,10434,76,14.40,18,0.15
10435_2,10435,2,15.20,10,0
10435_22,10435,22,16.80,12,0
10435_72,10435,72,27.80,10,0
10436_46,10436,46,9.60,5,0
10436_56,10436,56,30.40,40,0.1
10436_64,10436,64,26.60,30,0.1
10436_75,10436,75,6.20,24,0.1
10437_53,10437,53,26.20,15,0
10438_19,10438,19,7.30,15,0.2
10438_34,10438,34,11.20,20,0.2
10438_57,10438,57,15.60,15,0.2
10439_12,10439,12,30.40,15,0
10439_16,10439,16,13.90,16,0
10439_64,10439,64,26.60,6,0
10439_74,10439,74,8.00,30,0
10440_2,10440,2,15.20,45,0.15
10440_16,10440,16,13.90,49,0.15
10440_29,10440,29,99.00,24,0.15
10440_61,10440,61,22.80,90,0.15
10441_27,10441,27,35.10,50,0
10442_11,10442,11,16.80,30,0
10442_54,10442,54,5.90,80,0
10442_66,10442,66,13.60,60,0
10443_11,10443,11,16.80,6,0.2
10443_28,10443,28,36.40,12,0
10444_17,10444,17,31.20,10,0
10444_26,10444,26,24.90,15,0
10444_35,10444,35,14.40,8,0
10444_41,10444,41,7.70,30,0
10445_39,10445,39,14.40,6,0
10445_54,10445,54,5.90,15,0
10446_19,10446,19,7.30,12,0.1
10446_24,10446,24,3.60,20,0.1
10446_31,10446,31,10.00,3,0.1
10446_52,10446,52,5.60,15,0.1
10447_19,10447,19,7.30,40,0
10447_65,10447,65,16.80,35,0
10447_71,10447,71,17.20,2,0
10448_26,10448,26,24.90,6,0
10448_40,10448,40,14.70,20,0
10449_10,10449,10,24.80,14,0
10449_52,10449,52,5.60,20,0
10449_62,10449,62,39.40,35,0
10450_10,10450,10,24.80,20,0.2
10450_54,10450,54,5.90,6,0.2
10451_55,10451,55,19.20,120,0.1
10451_64,10451,64,26.60,35,0.1
10451_65,10451,65,16.80,28,0.1
10451_77,10451,77,10.40,55,0.1
10452_28,10452,28,36.40,15,0
10452_44,10452,44,15.50,100,0.05
10453_48,10453,48,10.20,15,0.1
10453_70,10453,70,12.00,25,0.1
10454_16,10454,16,13.90,20,0.2
10454_33,10454,33,2.00,20,0.2
10454_46,10454,46,9.60,10,0.2
10455_39,10455,39,14.40,20,0
10455_53,10455,53,26.20,50,0
10455_61,10455,61,22.80,25,0
10455_71,10455,71,17.20,30,0
10456_21,10456,21,8.00,40,0.15
10456_49,10456,49,16.00,21,0.15
10457_59,10457,59,44.00,36,0
10458_26,10458,26,24.90,30,0
10458_28,10458,28,36.40,30,0
10458_43,10458,43,36.80,20,0
10458_56,10458,56,30.40,15,0
10458_71,10458,71,17.20,50,0
10459_7,10459,7,24.00,16,0.05
10459_46,10459,46,9.60,20,0.05
10459_72,10459,72,27.80,40,0
10460_68,10460,68,10.00,21,0.25
10460_75,10460,75,6.20,4,0.25
10461_21,10461,21,8.00,40,0.25
10461_30,10461,30,20.70,28,0.25
10461_55,10461,55,19.20,60,0.25
10462_13,10462,13,4.80,1,0
10462_23,10462,23,7.20,21,0
10463_19,10463,19,7.30,21,0
10463_42,10463,42,11.20,50,0
10464_4,10464,4,17.60,16,0.2
10464_43,10464,43,36.80,3,0
10464_56,10464,56,30.40,30,0.2
10464_60,10464,60,27.20,20,0
10465_24,10465,24,3.60,25,0
10465_29,10465,29,99.00,18,0.1
10465_40,10465,40,14.70,20,0
10465_45,10465,45,7.60,30,0.1
10465_50,10465,50,13.00,25,0
10466_11,10466,11,16.80,10,0
10466_46,10466,46,9.60,5,0
10467_24,10467,24,3.60,28,0
10467_25,10467,25,11.20,12,0
10468_30,10468,30,20.70,8,0
10468_43,10468,43,36.80,15,0
10469_2,10469,2,15.20,40,0.15
10469_16,10469,16,13.90,35,0.15
10469_44,10469,44,15.50,2,0.15
10470_18,10470,18,50.00,30,0
10470_23,10470,23,7.20,15,0
10470_64,10470,64,26.60,8,0
10471_7,10471,7,24.00,30,0
10471_56,10471,56,30.40,20,0
10472_24,10472,24,3.60,80,0.05
10472_51,10472,51,42.40,18,0
10473_33,10473,33,2.00,12,0
10473_71,10473,71,17.20,12,0
10474_14,10474,14,18.60,12,0
10474_28,10474,28,36.40,18,0
10474_40,10474,40,14.70,21,0
10474_75,10474,75,6.20,10,0
10475_31,10475,31,10.00,35,0.15
10475_66,10475,66,13.60,60,0.15
10475_76,10475,76,14.40,42,0.15
10476_55,10476,55,19.20,2,0.05
10476_70,10476,70,12.00,12,0
10477_1,10477,1,14.40,15,0
10477_21,10477,21,8.00,21,0.25
10477_39,10477,39,14.40,20,0.25
10478_10,10478,10,24.80,20,0.05
10479_38,10479,38,210.80,30,0
10479_53,10479,53,26.20,28,0
10479_59,10479,59,44.00,60,0
10479_64,10479,64,26.60,30,0
10480_47,10480,47,7.60,30,0
10480_59,10480,59,44.00,12,0
10481_49,10481,49,16.00,24,0
10481_60,10481,60,27.20,40,0
10482_40,10482,40,14.70,10,0
10483_34,10483,34,11.20,35,0.05
10483_77,10483,77,10.40,30,0.05
10484_21,10484,21,8.00,14,0
10484_40,10484,40,14.70,10,0
10484_51,10484,51,42.40,3,0
10485_2,10485,2,15.20,20,0.1
10485_3,10485,3,8.00,20,0.1
10485_55,10485,55,19.20,30,0.1
10485_70,10485,70,12.00,60,0.1
10486_11,10486,11,16.80,5,0
10486_51,10486,51,42.40,25,0
10486_74,10486,74,8.00,16,0
10487_19,10487,19,7.30,5,0
10487_26,10487,26,24.90,30,0
10487_54,10487,54,5.90,24,0.25
10488_59,10488,59,44.00,30,0
10488_73,10488,73,12.00,20,0.2
10489_11,10489,11,16.80,15,0.25
10489_16,10489,16,13.90,18,0
10490_59,10490,59,44.00,60,0
10490_68,10490,68,10.00,30,0
10490_75,10490,75,6.20,36,0
10491_44,10491,44,15.50,15,0.15
10491_77,10491,77,10.40,7,0.15
10492_25,10492,25,11.20,60,0.05
10492_42,10492,42,11.20,20,0.05
10493_65,10493,65,16.80,15,0.1
10493_66,10493,66,13.60,10,0.1
10493_69,10493,69,28.80,10,0.1
10494_56,10494,56,30.40,30,0
10495_23,10495,23,7.20,10,0
10495_41,10495,41,7.70,20,0
10495_77,10495,77,10.40,5,0
10496_31,10496,31,10.00,20,0.05
10497_56,10497,56,30.40,14,0
10497_72,10497,72,27.80,25,0
10497_77,10497,77,10.40,25,0
10498_24,10498,24,4.50,14,0
10498_40,10498,40,18.40,5,0
10498_42,10498,42,14.00,30,0
10499_28,10499,28,45.60,20,0
10499_49,10499,49,20.00,25,0
10500_15,10500,15,15.50,12,0.05
10500_28,10500,28,45.60,8,0.05
10501_54,10501,54,7.45,20,0
10502_45,10502,45,9.50,21,0
10502_53,10502,53,32.80,6,0
10502_67,10502,67,14.00,30,0
10503_14,10503,14,23.25,70,0
10503_65,10503,65,21.05,20,0
10504_2,10504,2,19.00,12,0
10504_21,10504,21,10.00,12,0
10504_53,10504,53,32.80,10,0
10504_61,10504,61,28.50,25,0
10505_62,10505,62,49.30,3,0
10506_25,10506,25,14.00,18,0.1
10506_70,10506,70,15.00,14,0.1
10507_43,10507,43,46.00,15,0.15
10507_48,10507,48,12.75,15,0.15
10508_13,10508,13,6.00,10,0
10508_39,10508,39,18.00,10,0
10509_28,10509,28,45.60,3,0
10510_29,10510,29,123.79,36,0
10510_75,10510,75,7.75,36,0.1
10511_4,10511,4,22.00,50,0.15
10511_7,10511,7,30.00,50,0.15
10511_8,10511,8,40.00,10,0.15
10512_24,10512,24,4.50,10,0.15
10512_46,10512,46,12.00,9,0.15
10512_47,10512,47,9.50,6,0.15
10512_60,10512,60,34.00,12,0.15
10513_21,10513,21,10.00,40,0.2
10513_32,10513,32,32.00,50,0.2
10513_61,10513,61,28.50,15,0.2
10514_20,10514,20,81.00,39,0
10514_28,10514,28,45.60,35,0
10514_56,10514,56,38.00,70,0
10514_65,10514,65,21.05,39,0
10514_75,10514,75,7.75,50,0
10515_9,10515,9,97.00,16,0.15
10515_16,10515,16,17.45,50,0
10515_27,10515,27,43.90,120,0
10515_33,10515,33,2.50,16,0.15
10515_60,10515,60,34.00,84,0.15
10516_18,10516,18,62.50,25,0.1
10516_41,10516,41,9.65,80,0.1
10516_42,10516,42,14.00,20,0
10517_52,10517,52,7.00,6,0
10517_59,10517,59,55.00,4,0
10517_70,10517,70,15.00,6,0
10518_24,10518,24,4.50,5,0
10518_38,10518,38,263.50,15,0
10518_44,10518,44,19.45,9,0
10519_10,10519,10,31.00,16,0.05
10519_56,10519,56,38.00,40,0
10519_60,10519,60,34.00,10,0.05
10520_24,10520,24,4.50,8,0
10520_53,10520,53,32.80,5,0
10521_35,10521,35,18.00,3,0
10521_41,10521,41,9.65,10,0
10521_68,10521,68,12.50,6,0
10522_1,10522,1,18.00,40,0.2
10522_8,10522,8,40.00,24,0
10522_30,10522,30,25.89,20,0.2
10522_40,10522,40,18.40,25,0.2
10523_17,10523,17,39.00,25,0.1
10523_20,10523,20,81.00,15,0.1
10523_37,10523,37,26.00,18,0.1
10523_41,10523,41,9.65,6,0.1
10524_10,10524,10,31.00,2,0
10524_30,10524,30,25.89,10,0
10524_43,10524,43,46.00,60,0
10524_54,10524,54,7.45,15,0
10525_36,10525,36,19.00,30,0
10525_40,10525,40,18.40,15,0.1
10526_1,10526,1,18.00,8,0.15
10526_13,10526,13,6.00,10,0
10526_56,10526,56,38.00,30,0.15
10527_4,10527,4,22.00,50,0.1
10527_36,10527,36,19.00,30,0.1
10528_11,10528,11,21.00,3,0
10528_33,10528,33,2.50,8,0.2
10528_72,10528,72,34.80,9,0
10529_55,10529,55,24.00,14,0
10529_68,10529,68,12.50,20,0
10529_69,10529,69,36.00,10,0
10530_17,10530,17,39.00,40,0
10530_43,10530,43,46.00,25,0
10530_61,10530,61,28.50,20,0
10530_76,10530,76,18.00,50,0
10531_59,10531,59,55.00,2,0
10532_30,10532,30,25.89,15,0
10532_66,10532,66,17.00,24,0
10533_4,10533,4,22.00,50,0.05
10533_72,10533,72,34.80,24,0
10533_73,10533,73,15.00,24,0.05
10534_30,10534,30,25.89,10,0
10534_40,10534,40,18.40,10,0.2
10534_54,10534,54,7.45,10,0.2
10535_11,10535,11,21.00,50,0.1
10535_40,10535,40,18.40,10,0.1
10535_57,10535,57,19.50,5,0.1
10535_59,10535,59,55.00,15,0.1
10536_12,10536,12,38.00,15,0.25
10536_31,10536,31,12.50,20,0
10536_33,10536,33,2.50,30,0
10536_60,10536,60,34.00,35,0.25
10537_31,10537,31,12.50,30,0
10537_51,10537,51,53.00,6,0
10537_58,10537,58,13.25,20,0
10537_72,10537,72,34.80,21,0
10537_73,10537,73,15.00,9,0
10538_70,10538,70,15.00,7,0
10538_72,10538,72,34.80,1,0
10539_13,10539,13,6.00,8,0
10539_21,10539,21,10.00,15,0
10539_33,10539,33,2.50,15,0
10539_49,10539,49,20.00,6,0
10540_3,10540,3,10.00,60,0
10540_26,10540,26,31.23,40,0
10540_38,10540,38,263.50,30,0
10540_68,10540,68,12.50,35,0
10541_24,10541,24,4.50,35,0.1
10541_38,10541,38,263.50,4,0.1
10541_65,10541,65,21.05,36,0.1
10541_71,10541,71,21.50,9,0.1
10542_11,10542,11,21.00,15,0.05
10542_54,10542,54,7.45,24,0.05
10543_12,10543,12,38.00,30,0.15
10543_23,10543,23,9.00,70,0.15
10544_28,10544,28,45.60,7,0
10544_67,10544,67,14.00,7,0
10545_11,10545,11,21.00,10,0
10546_7,10546,7,30.00,10,0
10546_35,10546,35,18.00,30,0
10546_62,10546,62,49.30,40,0
10547_32,10547,32,32.00,24,0.15
10547_36,10547,36,19.00,60,0
10548_34,10548,34,14.00,10,0.25
10548_41,10548,41,9.65,14,0
10549_31,10549,31,12.50,55,0.15
10549_45,10549,45,9.50,100,0.15
10549_51,10549,51,53.00,48,0.15
10550_17,10550,17,39.00,8,0.1
10550_19,10550,19,9.20,10,0
10550_21,10550,21,10.00,6,0.1
10550_61,10550,61,28.50,10,0.1
10551_16,10551,16,17.45,40,0.15
10551_35,10551,35,18.00,20,0.15
10551_44,10551,44,19.45,40,0
10552_69,10552,69,36.00,18,0
10552_75,10552,75,7.75,30,0
10553_11,10553,11,21.00,15,0
10553_16,10553,16,17.45,14,0
10553_22,10553,22,21.00,24,0
10553_31,10553,31,12.50,30,0
10553_35,10553,35,18.00,6,0
10554_16,10554,16,17.45,30,0.05
10554_23,10554,23,9.00,20,0.05
10554_62,10554,62,49.30,20,0.05
10554_77,10554,77,13.00,10,0.05
10555_14,10555,14,23.25,30,0.2
10555_19,10555,19,9.20,35,0.2
10555_24,10555,24,4.50,18,0.2
10555_51,10555,51,53.00,20,0.2
10555_56,10555,56,38.00,40,0.2
10556_72,10556,72,34.80,24,0
10557_64,10557,64,33.25,30,0
10557_75,10557,75,7.75,20,0
10558_47,10558,47,9.50,25,0
10558_51,10558,51,53.00,20,0
10558_52,10558,52,7.00,30,0
10558_53,10558,53,32.80,18,0
10558_73,10558,73,15.00,3,0
10559_41,10559,41,9.65,12,0.05
10559_55,10559,55,24.00,18,0.05
10560_30,10560,30,25.89,20,0
10560_62,10560,62,49.30,15,0.25
10561_44,10561,44,19.45,10,0
10561_51,10561,51,53.00,50,0
10562_33,10562,33,2.50,20,0.1
10562_62,10562,62,49.30,10,0.1
10563_36,10563,36,19.00,25,0
10563_52,10563,52,7.00,70,0
10564_17,10564,17,39.00,16,0.05
10564_31,10564,31,12.50,6,0.05
10564_55,10564,55,24.00,25,0.05
10565_24,10565,24,4.50,25,0.1
10565_64,10565,64,33.25,18,0.1
10566_11,10566,11,21.00,35,0.15
10566_18,10566,18,62.50,18,0.15
10566_76,10566,76,18.00,10,0
10567_31,10567,31,12.50,60,0.2
10567_51,10567,51,53.00,3,0
10567_59,10567,59,55.00,40,0.2
10568_10,10568,10,31.00,5,0
10569_31,10569,31,12.50,35,0.2
10569_76,10569,76,18.00,30,0
10570_11,10570,11,21.00,15,0.05
10570_56,10570,56,38.00,60,0.05
10571_14,10571,14,23.25,11,0.15
10571_42,10571,42,14.00,28,0.15
10572_16,10572,16,17.45,12,0.1
10572_32,10572,32,32.00,10,0.1
10572_40,10572,40,18.40,50,0
10572_75,10572,75,7.75,15,0.1
10573_17,10573,17,39.00,18,0
10573_34,10573,34,14.00,40,0
10573_53,10573,53,32.80,25,0
10574_33,10574,33,2.50,14,0
10574_40,10574,40,18.40,2,0
10574_62,10574,62,49.30,10,0
10574_64,10574,64,33.25,6,0
10575_59,10575,59,55.00,12,0
10575_63,10575,63,43.90,6,0
10575_72,10575,72,34.80,30,0
10575_76,10575,76,18.00,10,0
10576_1,10576,1,18.00,10,0
10576_31,10576,31,12.50,20,0
10576_44,10576,44,19.45,21,0
10577_39,10577,39,18.00,10,0
10577_75,10577,75,7.75,20,0
10577_77,10577,77,13.00,18,0
10578_35,10578,35,18.00,20,0
10578_57,10578,57,19.50,6,0
10579_15,10579,15,15.50,10,0
10579_75,10579,75,7.75,21,0
10580_14,10580,14,23.25,15,0.05
10580_41,10580,41,9.65,9,0.05
10580_65,10580,65,21.05,30,0.05
10581_75,10581,75,7.75,50,0.2
10582_57,10582,57,19.50,4,0
10582_76,10582,76,18.00,14,0
10583_29,10583,29,123.79,10,0
10583_60,10583,60,34.00,24,0.15
10583_69,10583,69,36.00,10,0.15
10584_31,10584,31,12.50,50,0.05
10585_47,10585,47,9.50,15,0
10586_52,10586,52,7.00,4,0.15
10587_26,10587,26,31.23,6,0
10587_35,10587,35,18.00,20,0
10587_77,10587,77,13.00,20,0
10588_18,10588,18,62.50,40,0.2
10588_42,10588,42,14.00,100,0.2
10589_35,10589,35,18.00,4,0
10590_1,10590,1,18.00,20,0
10590_77,10590,77,13.00,60,0.05
10591_3,10591,3,10.00,14,0
10591_7,10591,7,30.00,10,0
10591_54,10591,54,7.45,50,0
10592_15,10592,15,15.50,25,0.05
10592_26,10592,26,31.23,5,0.05
10593_20,10593,20,81.00,21,0.2
10593_69,10593,69,36.00,20,0.2
10593_76,10593,76,18.00,4,0.2
10594_52,10594,52,7.00,24,0
10594_58,10594,58,13.25,30,0
10595_35,10595,35,18.00,30,0.25
10595_61,10595,61,28.50,120,0.25
10595_69,10595,69,36.00,65,0.25
10596_56,10596,56,38.00,5,0.2
10596_63,10596,63,43.90,24,0.2
10596_75,10596,75,7.75,30,0.2
10597_24,10597,24,4.50,35,0.2
10597_57,10597,57,19.50,20,0
10597_65,10597,65,21.05,12,0.2
10598_27,10598,27,43.90,50,0
10598_71,10598,71,21.50,9,0
10599_62,10599,62,49.30,10,0
10600_54,10600,54,7.45,4,0
10600_73,10600,73,15.00,30,0
10601_13,10601,13,6.00,60,0
10601_59,10601,59,55.00,35,0
10602_77,10602,77,13.00,5,0.25
10603_22,10603,22,21.00,48,0
10603_49,10603,49,20.00,25,0.05
10604_48,10604,48,12.75,6,0.1
10604_76,10604,76,18.00,10,0.1
10605_16,10605,16,17.45,30,0.05
10605_59,10605,59,55.00,20,0.05
10605_60,10605,60,34.00,70,0.05
10605_71,10605,71,21.50,15,0.05
10606_4,10606,4,22.00,20,0.2
10606_55,10606,55,24.00,20,0.2
10606_62,10606,62,49.30,10,0.2
10607_7,10607,7,30.00,45,0
10607_17,10607,17,39.00,100,0
10607_33,10607,33,2.50,14,0
10607_40,10607,40,18.40,42,0
10607_72,10607,72,34.80,12,0
10608_56,10608,56,38.00,28,0
10609_1,10609,1,18.00,3,0
10609_10,10609,10,31.00,10,0
10609_21,10609,21,10.00,6,0
10610_36,10610,36,19.00,21,0.25
10611_1,10611,1,18.00,6,0
10611_2,10611,2,19.00,10,0
10611_60,10611,60,34.00,15,0
10612_10,10612,10,31.00,70,0
10612_36,10612,36,19.00,55,0
10612_49,10612,49,20.00,18,0
10612_60,10612,60,34.00,40,0
10612_76,10612,76,18.00,80,0
10613_13,10613,13,6.00,8,0.1
10613_75,10613,75,7.75,40,0
10614_11,10614,11,21.00,14,0
10614_21,10614,21,10.00,8,0
10614_39,10614,39,18.00,5,0
10615_55,10615,55,24.00,5,0
10616_38,10616,38,263.50,15,0.05
10616_56,10616,56,38.00,14,0
10616_70,10616,70,15.00,15,0.05
10616_71,10616,71,21.50,15,0.05
10617_59,10617,59,55.00,30,0.15
10618_6,10618,6,25.00,70,0
10618_56,10618,56,38.00,20,0
10618_68,10618,68,12.50,15,0
10619_21,10619,21,10.00,42,0
10619_22,10619,22,21.00,40,0
10620_24,10620,24,4.50,5,0
10620_52,10620,52,7.00,5,0
10621_19,10621,19,9.20,5,0
10621_23,10621,23,9.00,10,0
10621_70,10621,70,15.00,20,0
10621_71,10621,71,21.50,15,0
10622_2,10622,2,19.00,20,0
10622_68,10622,68,12.50,18,0.2
10623_14,10623,14,23.25,21,0
10623_19,10623,19,9.20,15,0.1
10623_21,10623,21,10.00,25,0.1
10623_24,10623,24,4.50,3,0
10623_35,10623,35,18.00,30,0.1
10624_28,10624,28,45.60,10,0
10624_29,10624,29,123.79,6,0
10624_44,10624,44,19.45,10,0
10625_14,10625,14,23.25,3,0
10625_42,10625,42,14.00,5,0
10625_60,10625,60,34.00,10,0
10626_53,10626,53,32.80,12,0
10626_60,10626,60,34.00,20,0
10626_71,10626,71,21.50,20,0
10627_62,10627,62,49.30,15,0
10627_73,10627,73,15.00,35,0.15
10628_1,10628,1,18.00,25,0
10629_29,10629,29,123.79,20,0
10629_64,10629,64,33.25,9,0
10630_55,10630,55,24.00,12,0.05
10630_76,10630,76,18.00,35,0
10631_75,10631,75,7.75,8,0.1
10632_2,10632,2,19.00,30,0.05
10632_33,10632,33,2.50,20,0.05
10633_12,10633,12,38.00,36,0.15
10633_13,10633,13,6.00,13,0.15
10633_26,10633,26,31.23,35,0.15
10633_62,10633,62,49.30,80,0.15
10634_7,10634,7,30.00,35,0
10634_18,10634,18,62.50,50,0
10634_51,10634,51,53.00,15,0
10634_75,10634,75,7.75,2,0
10635_4,10635,4,22.00,10,0.1
10635_5,10635,5,21.35,15,0.1
10635_22,10635,22,21.00,40,0
10636_4,10636,4,22.00,25,0
10636_58,10636,58,13.25,6,0
10637_11,10637,11,21.00,10,0
10637_50,10637,50,16.25,25,0.05
10637_56,10637,56,38.00,60,0.05
10638_45,10638,45,9.50,20,0
10638_65,10638,65,21.05,21,0
10638_72,10638,72,34.80,60,0
10639_18,10639,18,62.50,8,0
10640_69,10640,69,36.00,20,0.25
10640_70,10640,70,15.00,15,0.25
10641_2,10641,2,19.00,50,0
10641_40,10641,40,18.40,60,0
10642_21,10642,21,10.00,30,0.2
10642_61,10642,61,28.50,20,0.2
10643_28,10643,28,45.60,15,0.25
10643_39,10643,39,18.00,21,0.25
10643_46,10643,46,12.00,2,0.25
10644_18,10644,18,62.50,4,0.1
10644_43,10644,43,46.00,20,0
10644_46,10644,46,12.00,21,0.1
10645_18,10645,18,62.50,20,0
10645_36,10645,36,19.00,15,0
10646_1,10646,1,18.00,15,0.25
10646_10,10646,10,31.00,18,0.25
10646_71,10646,71,21.50,30,0.25
10646_77,10646,77,13.00,35,0.25
10647_19,10647,19,9.20,30,0
10647_39,10647,39,18.00,20,0
10648_22,10648,22,21.00,15,0
10648_24,10648,24,4.50,15,0.15
10649_28,10649,28,45.60,20,0
10649_72,10649,72,34.80,15,0
10650_30,10650,30,25.89,30,0
10650_53,10650,53,32.80,25,0.05
10650_54,10650,54,7.45,30,0
10651_19,10651,19,9.20,12,0.25
10651_22,10651,22,21.00,20,0.25
10652_30,10652,30,25.89,2,0.25
10652_42,10652,42,14.00,20,0
10653_16,10653,16,17.45,30,0.1
10653_60,10653,60,34.00,20,0.1
10654_4,10654,4,22.00,12,0.1
10654_39,10654,39,18.00,20,0.1
10654_54,10654,54,7.45,6,0.1
10655_41,10655,41,9.65,20,0.2
10656_14,10656,14,23.25,3,0.1
10656_44,10656,44,19.45,28,0.1
10656_47,10656,47,9.50,6,0.1
10657_15,10657,15,15.50,50,0
10657_41,10657,41,9.65,24,0
10657_46,10657,46,12.00,45,0
10657_47,10657,47,9.50,10,0
10657_56,10657,56,38.00,45,0
10657_60,10657,60,34.00,30,0
10658_21,10658,21,10.00,60,0
10658_40,10658,40,18.40,70,0.05
10658_60,10658,60,34.00,55,0.05
10658_77,10658,77,13.00,70,0.05
10659_31,10659,31,12.50,20,0.05
10659_40,10659,40,18.40,24,0.05
10659_70,10659,70,15.00,40,0.05
10660_20,10660,20,81.00,21,0
10661_39,10661,39,18.00,3,0.2
10661_58,10661,58,13.25,49,0.2
10662_68,10662,68,12.50,10,0
10663_40,10663,40,18.40,30,0.05
10663_42,10663,42,14.00,30,0.05
10663_51,10663,51,53.00,20,0.05
10664_10,10664,10,31.00,24,0.15
10664_56,10664,56,38.00,12,0.15
10664_65,10664,65,21.05,15,0.15
10665_51,10665,51,53.00,20,0
10665_59,10665,59,55.00,1,0
10665_76,10665,76,18.00,10,0
10666_29,10666,29,123.79,36,0
10666_65,10666,65,21.05,10,0
10667_69,10667,69,36.00,45,0.2
10667_71,10667,71,21.50,14,0.2
10668_31,10668,31,12.50,8,0.1
10668_55,10668,55,24.00,4,0.1
10668_64,10668,64,33.25,15,0.1
10669_36,10669,36,19.00,30,0
10670_23,10670,23,9.00,32,0
10670_46,10670,46,12.00,60,0
10670_67,10670,67,14.00,25,0
10670_73,10670,73,15.00,50,0
10670_75,10670,75,7.75,25,0
10671_16,10671,16,17.45,10,0
10671_62,10671,62,49.30,10,0
10671_65,10671,65,21.05,12,0
10672_38,10672,38,263.50,15,0.1
10672_71,10672,71,21.50,12,0
10673_16,10673,16,17.45,3,0
10673_42,10673,42,14.00,6,0
10673_43,10673,43,46.00,6,0
10674_23,10674,23,9.00,5,0
10675_14,10675,14,23.25,30,0
10675_53,10675,53,32.80,10,0
10675_58,10675,58,13.25,30,0
10676_10,10676,10,31.00,2,0
10676_19,10676,19,9.20,7,0
10676_44,10676,44,19.45,21,0
10677_26,10677,26,31.23,30,0.15
10677_33,10677,33,2.50,8,0.15
10678_12,10678,12,38.00,100,0
10678_33,10678,33,2.50,30,0
10678_41,10678,41,9.65,120,0
10678_54,10678,54,7.45,30,0
10679_59,10679,59,55.00,12,0
10680_16,10680,16,17.45,50,0.25
10680_31,10680,31,12.50,20,0.25
10680_42,10680,42,14.00,40,0.25
10681_19,10681,19,9.20,30,0.1
10681_21,10681,21,10.00,12,0.1
10681_64,10681,64,33.25,28,0
10682_33,10682,33,2.50,30,0
10682_66,10682,66,17.00,4,0
10682_75,10682,75,7.75,30,0
10683_52,10683,52,7.00,9,0
10684_40,10684,40,18.40,20,0
10684_47,10684,47,9.50,40,0
10684_60,10684,60,34.00,30,0
10685_10,10685,10,31.00,20,0
10685_41,10685,41,9.65,4,0
10685_47,10685,47,9.50,15,0
10686_17,10686,17,39.00,30,0.2
10686_26,10686,26,31.23,15,0
10687_9,10687,9,97.00,50,0.25
10687_29,10687,29,123.79,10,0
10687_36,10687,36,19.00,6,0.25
10688_10,10688,10,31.00,18,0.1
10688_28,10688,28,45.60,60,0.1
10688_34,10688,34,14.00,14,0
10689_1,10689,1,18.00,35,0.25
10690_56,10690,56,38.00,20,0.25
10690_77,10690,77,13.00,30,0.25
10691_1,10691,1,18.00,30,0
10691_29,10691,29,123.79,40,0
10691_43,10691,43,46.00,40,0
10691_44,10691,44,19.45,24,0
10691_62,10691,62,49.30,48,0
10692_63,10692,63,43.90,20,0
10693_9,10693,9,97.00,6,0
10693_54,10693,54,7.45,60,0.15
10693_69,10693,69,36.00,30,0.15
10693_73,10693,73,15.00,15,0.15
10694_7,10694,7,30.00,90,0
10694_59,10694,59,55.00,25,0
10694_70,10694,70,15.00,50,0
10695_8,10695,8,40.00,10,0
10695_12,10695,12,38.00,4,0
10695_24,10695,24,4.50,20,0
10696_17,10696,17,39.00,20,0
10696_46,10696,46,12.00,18,0
10697_19,10697,19,9.20,7,0.25
10697_35,10697,35,18.00,9,0.25
10697_58,10697,58,13.25,30,0.25
10697_70,10697,70,15.00,30,0.25
10698_11,10698,11,21.00,15,0
10698_17,10698,17,39.00,8,0.05
10698_29,10698,29,123.79,12,0.05
10698_65,10698,65,21.05,65,0.05
10698_70,10698,70,15.00,8,0.05
10699_47,10699,47,9.50,12,0
10700_1,10700,1,18.00,5,0.2
10700_34,10700,34,14.00,12,0.2
10700_68,10700,68,12.50,40,0.2
10700_71,10700,71,21.50,60,0.2
10701_59,10701,59,55.00,42,0.15
10701_71,10701,71,21.50,20,0.15
10701_76,10701,76,18.00,35,0.15
10702_3,10702,3,10.00,6,0
10702_76,10702,76,18.00,15,0
10703_2,10703,2,19.00,5,0
10703_59,10703,59,55.00,35,0
10703_73,10703,73,15.00,35,0
10704_4,10704,4,22.00,6,0
10704_24,10704,24,4.50,35,0
10704_48,10704,48,12.75,24,0
10705_31,10705,31,12.50,20,0
10705_32,10705,32,32.00,4,0
10706_16,10706,16,17.45,20,0
10706_43,10706,43,46.00,24,0
10706_59,10706,59,55.00,8,0
10707_55,10707,55,24.00,21,0
10707_57,10707,57,19.50,40,0
10707_70,10707,70,15.00,28,0.15
10708_5,10708,5,21.35,4,0
10708_36,10708,36,19.00,5,0
10709_8,10709,8,40.00,40,0
10709_51,10709,51,53.00,28,0
10709_60,10709,60,34.00,10,0
10710_19,10710,19,9.20,5,0
10710_47,10710,47,9.50,5,0
10711_19,10711,19,9.20,12,0
10711_41,10711,41,9.65,42,0
10711_53,10711,53,32.80,120,0
10712_53,10712,53,32.80,3,0.05
10712_56,10712,56,38.00,30,0
10713_10,10713,10,31.00,18,0
10713_26,10713,26,31.23,30,0
10713_45,10713,45,9.50,110,0
10713_46,10713,46,12.00,24,0
10714_2,10714,2,19.00,30,0.25
10714_17,10714,17,39.00,27,0.25
10714_47,10714,47,9.50,50,0.25
10714_56,10714,56,38.00,18,0.25
10714_58,10714,58,13.25,12,0.25
10715_10,10715,10,31.00,21,0
10715_71,10715,71,21.50,30,0
10716_21,10716,21,10.00,5,0
10716_51,10716,51,53.00,7,0
10716_61,10716,61,28.50,10,0
10717_21,10717,21,10.00,32,0.05
10717_54,10717,54,7.45,15,0
10717_69,10717,69,36.00,25,0.05
10718_12,10718,12,38.00,36,0
10718_16,10718,16,17.45,20,0
10718_36,10718,36,19.00,40,0
10718_62,10718,62,49.30,20,0
10719_18,10719,18,62.50,12,0.25
10719_30,10719,30,25.89,3,0.25
10719_54,10719,54,7.45,40,0.25
10720_35,10720,35,18.00,21,0
10720_71,10720,71,21.50,8,0
10721_44,10721,44,19.45,50,0.05
10722_2,10722,2,19.00,3,0
10722_31,10722,31,12.50,50,0
10722_68,10722,68,12.50,45,0
10722_75,10722,75,7.75,42,0
10723_26,10723,26,31.23,15,0
10724_10,10724,10,31.00,16,0
10724_61,10724,61,28.50,5,0
10725_41,10725,41,9.65,12,0
10725_52,10725,52,7.00,4,0
10725_55,10725,55,24.00,6,0
10726_4,10726,4,22.00,25,0
10726_11,10726,11,21.00,5,0
10727_17,10727,17,39.00,20,0.05
10727_56,10727,56,38.00,10,0.05
10727_59,10727,59,55.00,10,0.05
10728_30,10728,30,25.89,15,0
10728_40,10728,40,18.40,6,0
10728_55,10728,55,24.00,12,0
10728_60,10728,60,34.00,15,0
10729_1,10729,1,18.00,50,0
10729_21,10729,21,10.00,30,0
10729_50,10729,50,16.25,40,0
10730_16,10730,16,17.45,15,0.05
10730_31,10730,31,12.50,3,0.05
10730_65,10730,65,21.05,10,0.05
10731_21,10731,21,10.00,40,0.05
10731_51,10731,51,53.00,30,0.05
10732_76,10732,76,18.00,20,0
10733_14,10733,14,23.25,16,0
10733_28,10733,28,45.60,20,0
10733_52,10733,52,7.00,25,0
10734_6,10734,6,25.00,30,0
10734_30,10734,30,25.89,15,0
10734_76,10734,76,18.00,20,0
10735_61,10735,61,28.50,20,0.1
10735_77,10735,77,13.00,2,0.1
10736_65,10736,65,21.05,40,0
10736_75,10736,75,7.75,20,0
10737_13,10737,13,6.00,4,0
10737_41,10737,41,9.65,12,0
10738_16,10738,16,17.45,3,0
10739_36,10739,36,19.00,6,0
10739_52,10739,52,7.00,18,0
10740_28,10740,28,45.60,5,0.2
10740_35,10740,35,18.00,35,0.2
10740_45,10740,45,9.50,40,0.2
10740_56,10740,56,38.00,14,0.2
10741_2,10741,2,19.00,15,0.2
10742_3,10742,3,10.00,20,0
10742_60,10742,60,34.00,50,0
10742_72,10742,72,34.80,35,0
10743_46,10743,46,12.00,28,0.05
10744_40,10744,40,18.40,50,0.2
10745_18,10745,18,62.50,24,0
10745_44,10745,44,19.45,16,0
10745_59,10745,59,55.00,45,0
10745_72,10745,72,34.80,7,0
10746_13,10746,13,6.00,6,0
10746_42,10746,42,14.00,28,0
10746_62,10746,62,49.30,9,0
10746_69,10746,69,36.00,40,0
10747_31,10747,31,12.50,8,0
10747_41,10747,41,9.65,35,0
10747_63,10747,63,43.90,9,0
10747_69,10747,69,36.00,30,0
10748_23,10748,23,9.00,44,0
10748_40,10748,40,18.40,40,0
10748_56,10748,56,38.00,28,0
10749_56,10749,56,38.00,15,0
10749_59,10749,59,55.00,6,0
10749_76,10749,76,18.00,10,0
10750_14,10750,14,23.25,5,0.15
10750_45,10750,45,9.50,40,0.15
10750_59,10750,59,55.00,25,0.15
10751_26,10751,26,31.23,12,0.1
10751_30,10751,30,25.89,30,0
10751_50,10751,50,16.25,20,0.1
10751_73,10751,73,15.00,15,0
10752_1,10752,1,18.00,8,0
10752_69,10752,69,36.00,3,0
10753_45,10753,45,9.50,4,0
10753_74,10753,74,10.00,5,0
10754_40,10754,40,18.40,3,0
10755_47,10755,47,9.50,30,0.25
10755_56,10755,56,38.00,30,0.25
10755_57,10755,57,19.50,14,0.25
10755_69,10755,69,36.00,25,0.25
10756_18,10756,18,62.50,21,0.2
10756_36,10756,36,19.00,20,0.2
10756_68,10756,68,12.50,6,0.2
10756_69,10756,69,36.00,20,0.2
10757_34,10757,34,14.00,30,0
10757_59,10757,59,55.00,7,0
10757_62,10757,62,49.30,30,0
10757_64,10757,64,33.25,24,0
10758_26,10758,26,31.23,20,0
10758_52,10758,52,7.00,60,0
10758_70,10758,70,15.00,40,0
10759_32,10759,32,32.00,10,0
10760_25,10760,25,14.00,12,0.25
10760_27,10760,27,43.90,40,0
10760_43,10760,43,46.00,30,0.25
10761_25,10761,25,14.00,35,0.25
10761_75,10761,75,7.75,18,0
10762_39,10762,39,18.00,16,0
10762_47,10762,47,9.50,30,0
10762_51,10762,51,53.00,28,0
10762_56,10762,56,38.00,60,0
10763_21,10763,21,10.00,40,0
10763_22,10763,22,21.00,6,0
10763_24,10763,24,4.50,20,0
10764_3,10764,3,10.00,20,0.1
10764_39,10764,39,18.00,130,0.1
10765_65,10765,65,21.05,80,0.1
10766_2,10766,2,19.00,40,0
10766_7,10766,7,30.00,35,0
10766_68,10766,68,12.50,40,0
10767_42,10767,42,14.00,2,0
10768_22,10768,22,21.00,4,0
10768_31,10768,31,12.50,50,0
10768_60,10768,60,34.00,15,0
10768_71,10768,71,21.50,12,0
10769_41,10769,41,9.65,30,0.05
10769_52,10769,52,7.00,15,0.05
10769_61,10769,61,28.50,20,0
10769_62,10769,62,49.30,15,0
10770_11,10770,11,21.00,15,0.25
10771_71,10771,71,21.50,16,0
10772_29,10772,29,123.79,18,0
10772_59,10772,59,55.00,25,0
10773_17,10773,17,39.00,33,0
10773_31,10773,31,12.50,70,0.2
10773_75,10773,75,7.75,7,0.2
10774_31,10774,31,12.50,2,0.25
10774_66,10774,66,17.00,50,0
10775_10,10775,10,31.00,6,0
10775_67,10775,67,14.00,3,0
10776_31,10776,31,12.50,16,0.05
10776_42,10776,42,14.00,12,0.05
10776_45,10776,45,9.50,27,0.05
10776_51,10776,51,53.00,120,0.05
10777_42,10777,42,14.00,20,0.2
10778_41,10778,41,9.65,10,0
10779_16,10779,16,17.45,20,0
10779_62,10779,62,49.30,20,0
10780_70,10780,70,15.00,35,0
10780_77,10780,77,13.00,15,0
10781_54,10781,54,7.45,3,0.2
10781_56,10781,56,38.00,20,0.2
10781_74,10781,74,10.00,35,0
10782_31,10782,31,12.50,1,0
10783_31,10783,31,12.50,10,0
10783_38,10783,38,263.50,5,0
10784_36,10784,36,19.00,30,0
10784_39,10784,39,18.00,2,0.15
10784_72,10784,72,34.80,30,0.15
10785_10,10785,10,31.00,10,0
10785_75,10785,75,7.75,10,0
10786_8,10786,8,40.00,30,0.2
10786_30,10786,30,25.89,15,0.2
10786_75,10786,75,7.75,42,0.2
10787_2,10787,2,19.00,15,0.05
10787_29,10787,29,123.79,20,0.05
10788_19,10788,19,9.20,50,0.05
10788_75,10788,75,7.75,40,0.05
10789_18,10789,18,62.50,30,0
10789_35,10789,35,18.00,15,0
10789_63,10789,63,43.90,30,0
10789_68,10789,68,12.50,18,0
10790_7,10790,7,30.00,3,0.15
10790_56,10790,56,38.00,20,0.15
10791_29,10791,29,123.79,14,0.05
10791_41,10791,41,9.65,20,0.05
10792_2,10792,2,19.00,10,0
10792_54,10792,54,7.45,3,0
10792_68,10792,68,12.50,15,0
10793_41,10793,41,9.65,14,0
10793_52,10793,52,7.00,8,0
10794_14,10794,14,23.25,15,0.2
10794_54,10794,54,7.45,6,0.2
10795_16,10795,16,17.45,65,0
10795_17,10795,17,39.00,35,0.25
10796_26,10796,26,31.23,21,0.2
10796_44,10796,44,19.45,10,0
10796_64,10796,64,33.25,35,0.2
10796_69,10796,69,36.00,24,0.2
10797_11,10797,11,21.00,20,0
10798_62,10798,62,49.30,2,0
10798_72,10798,72,34.80,10,0
10799_13,10799,13,6.00,20,0.15
10799_24,10799,24,4.50,20,0.15
10799_59,10799,59,55.00,25,0
10800_11,10800,11,21.00,50,0.1
10800_51,10800,51,53.00,10,0.1
10800_54,10800,54,7.45,7,0.1
10801_17,10801,17,39.00,40,0.25
10801_29,10801,29,123.79,20,0.25
10802_30,10802,30,25.89,25,0.25
10802_51,10802,51,53.00,30,0.25
10802_55,10802,55,24.00,60,0.25
10802_62,10802,62,49.30,5,0.25
10803_19,10803,19,9.20,24,0.05
10803_25,10803,25,14.00,15,0.05
10803_59,10803,59,55.00,15,0.05
10804_10,10804,10,31.00,36,0
10804_28,10804,28,45.60,24,0
10804_49,10804,49,20.00,4,0.15
10805_34,10805,34,14.00,10,0
10805_38,10805,38,263.50,10,0
10806_2,10806,2,19.00,20,0.25
10806_65,10806,65,21.05,2,0
10806_74,10806,74,10.00,15,0.25
10807_40,10807,40,18.40,1,0
10808_56,10808,56,38.00,20,0.15
10808_76,10808,76,18.00,50,0.15
10809_52,10809,52,7.00,20,0
10810_13,10810,13,6.00,7,0
10810_25,10810,25,14.00,5,0
10810_70,10810,70,15.00,5,0
10811_19,10811,19,9.20,15,0
10811_23,10811,23,9.00,18,0
10811_40,10811,40,18.40,30,0
10812_31,10812,31,12.50,16,0.1
10812_72,10812,72,34.80,40,0.1
10812_77,10812,77,13.00,20,0
10813_2,10813,2,19.00,12,0.2
10813_46,10813,46,12.00,35,0
10814_41,10814,41,9.65,20,0
10814_43,10814,43,46.00,20,0.15
10814_48,10814,48,12.75,8,0.15
10814_61,10814,61,28.50,30,0.15
10815_33,10815,33,2.50,16,0
10816_38,10816,38,263.50,30,0.05
10816_62,10816,62,49.30,20,0.05
10817_26,10817,26,31.23,40,0.15
10817_38,10817,38,263.50,30,0
10817_40,10817,40,18.40,60,0.15
10817_62,10817,62,49.30,25,0.15
10818_32,10818,32,32.00,20,0
10818_41,10818,41,9.65,20,0
10819_43,10819,43,46.00,7,0
10819_75,10819,75,7.75,20,0
10820_56,10820,56,38.00,30,0
10821_35,10821,35,18.00,20,0
10821_51,10821,51,53.00,6,0
10822_62,10822,62,49.30,3,0
10822_70,10822,70,15.00,6,0
10823_11,10823,11,21.00,20,0.1
10823_57,10823,57,19.50,15,0
10823_59,10823,59,55.00,40,0.1
10823_77,10823,77,13.00,15,0.1
10824_41,10824,41,9.65,12,0
10824_70,10824,70,15.00,9,0
10825_26,10825,26,31.23,12,0
10825_53,10825,53,32.80,20,0
10826_31,10826,31,12.50,35,0
10826_57,10826,57,19.50,15,0
10827_10,10827,10,31.00,15,0
10827_39,10827,39,18.00,21,0
10828_20,10828,20,81.00,5,0
10828_38,10828,38,263.50,2,0
10829_2,10829,2,19.00,10,0
10829_8,10829,8,40.00,20,0
10829_13,10829,13,6.00,10,0
10829_60,10829,60,34.00,21,0
10830_6,10830,6,25.00,6,0
10830_39,10830,39,18.00,28,0
10830_60,10830,60,34.00,30,0
10830_68,10830,68,12.50,24,0
10831_19,10831,19,9.20,2,0
10831_35,10831,35,18.00,8,0
10831_38,10831,38,263.50,8,0
10831_43,10831,43,46.00,9,0
10832_13,10832,13,6.00,3,0.2
10832_25,10832,25,14.00,10,0.2
10832_44,10832,44,19.45,16,0.2
10832_64,10832,64,33.25,3,0
10833_7,10833,7,30.00,20,0.1
10833_31,10833,31,12.50,9,0.1
10833_53,10833,53,32.80,9,0.1
10834_29,10834,29,123.79,8,0.05
10834_30,10834,30,25.89,20,0.05
10835_59,10835,59,55.00,15,0
10835_77,10835,77,13.00,2,0.2
10836_22,10836,22,21.00,52,0
10836_35,10836,35,18.00,6,0
10836_57,10836,57,19.50,24,0
10836_60,10836,60,34.00,60,0
10836_64,10836,64,33.25,30,0
10837_13,10837,13,6.00,6,0
10837_40,10837,40,18.40,25,0
10837_47,10837,47,9.50,40,0.25
10837_76,10837,76,18.00,21,0.25
10838_1,10838,1,18.00,4,0.25
10838_18,10838,18,62.50,25,0.25
10838_36,10838,36,19.00,50,0.25
10839_58,10839,58,13.25,30,0.1
10839_72,10839,72,34.80,15,0.1
10840_25,10840,25,14.00,6,0.2
10840_39,10840,39,18.00,10,0.2
10841_10,10841,10,31.00,16,0
10841_56,10841,56,38.00,30,0
10841_59,10841,59,55.00,50,0
10841_77,10841,77,13.00,15,0
10842_11,10842,11,21.00,15,0
10842_43,10842,43,46.00,5,0
10842_68,10842,68,12.50,20,0
10842_70,10842,70,15.00,12,0
10843_51,10843,51,53.00,4,0.25
10844_22,10844,22,21.00,35,0
10845_23,10845,23,9.00,70,0.1
10845_35,10845,35,18.00,25,0.1
10845_42,10845,42,14.00,42,0.1
10845_58,10845,58,13.25,60,0.1
10845_64,10845,64,33.25,48,0
10846_4,10846,4,22.00,21,0
10846_70,10846,70,15.00,30,0
10846_74,10846,74,10.00,20,0
10847_1,10847,1,18.00,80,0.2
10847_19,10847,19,9.20,12,0.2
10847_37,10847,37,26.00,60,0.2
10847_45,10847,45,9.50,36,0.2
10847_60,10847,60,34.00,45,0.2
10847_71,10847,71,21.50,55,0.2
10848_5,10848,5,21.35,30,0
10848_9,10848,9,97.00,3,0
10849_3,10849,3,10.00,49,0
10849_26,10849,26,31.23,18,0.15
10850_25,10850,25,14.00,20,0.15
10850_33,10850,33,2.50,4,0.15
10850_70,10850,70,15.00,30,0.15
10851_2,10851,2,19.00,5,0.05
10851_25,10851,25,14.00,10,0.05
10851_57,10851,57,19.50,10,0.05
10851_59,10851,59,55.00,42,0.05
10852_2,10852,2,19.00,15,0
10852_17,10852,17,39.00,6,0
10852_62,10852,62,49.30,50,0
10853_18,10853,18,62.50,10,0
10854_10,10854,10,31.00,100,0.15
10854_13,10854,13,6.00,65,0.15
10855_16,10855,16,17.45,50,0
10855_31,10855,31,12.50,14,0
10855_56,10855,56,38.00,24,0
10855_65,10855,65,21.05,15,0.15
10856_2,10856,2,19.00,20,0
10856_42,10856,42,14.00,20,0
10857_3,10857,3,10.00,30,0
10857_26,10857,26,31.23,35,0.25
10857_29,10857,29,123.79,10,0.25
10858_7,10858,7,30.00,5,0
10858_27,10858,27,43.90,10,0
10858_70,10858,70,15.00,4,0
10859_24,10859,24,4.50,40,0.25
10859_54,10859,54,7.45,35,0.25
10859_64,10859,64,33.25,30,0.25
10860_51,10860,51,53.00,3,0
10860_76,10860,76,18.00,20,0
10861_17,10861,17,39.00,42,0
10861_18,10861,18,62.50,20,0
10861_21,10861,21,10.00,40,0
10861_33,10861,33,2.50,35,0
10861_62,10861,62,49.30,3,0
10862_11,10862,11,21.00,25,0
10862_52,10862,52,7.00,8,0
10863_1,10863,1,18.00,20,0.15
10863_58,10863,58,13.25,12,0.15
10864_35,10864,35,18.00,4,0
10864_67,10864,67,14.00,15,0
10865_38,10865,38,263.50,60,0.05
10865_39,10865,39,18.00,80,0.05
10866_2,10866,2,19.00,21,0.25
10866_24,10866,24,4.50,6,0.25
10866_30,10866,30,25.89,40,0.25
10867_53,10867,53,32.80,3,0
10868_26,10868,26,31.23,20,0
10868_35,10868,35,18.00,30,0
10868_49,10868,49,20.00,42,0.1
10869_1,10869,1,18.00,40,0
10869_11,10869,11,21.00,10,0
10869_23,10869,23,9.00,50,0
10869_68,10869,68,12.50,20,0
10870_35,10870,35,18.00,3,0
10870_51,10870,51,53.00,2,0
10871_6,10871,6,25.00,50,0.05
10871_16,10871,16,17.45,12,0.05
10871_17,10871,17,39.00,16,0.05
10872_55,10872,55,24.00,10,0.05
10872_62,10872,62,49.30,20,0.05
10872_64,10872,64,33.25,15,0.05
10872_65,10872,65,21.05,21,0.05
10873_21,10873,21,10.00,20,0
10873_28,10873,28,45.60,3,0
10874_10,10874,10,31.00,10,0
10875_19,10875,19,9.20,25,0
10875_47,10875,47,9.50,21,0.1
10875_49,10875,49,20.00,15,0
10876_46,10876,46,12.00,21,0
10876_64,10876,64,33.25,20,0
10877_16,10877,16,17.45,30,0.25
10877_18,10877,18,62.50,25,0
10878_20,10878,20,81.00,20,0.05
10879_40,10879,40,18.40,12,0
10879_65,10879,65,21.05,10,0
10879_76,10879,76,18.00,10,0
10880_23,10880,23,9.00,30,0.2
10880_61,10880,61,28.50,30,0.2
10880_70,10880,70,15.00,50,0.2
10881_73,10881,73,15.00,10,0
10882_42,10882,42,14.00,25,0
10882_49,10882,49,20.00,20,0.15
10882_54,10882,54,7.45,32,0.15
10883_24,10883,24,4.50,8,0
10884_21,10884,21,10.00,40,0.05
10884_56,10884,56,38.00,21,0.05
10884_65,10884,65,21.05,12,0.05
10885_2,10885,2,19.00,20,0
10885_24,10885,24,4.50,12,0
10885_70,10885,70,15.00,30,0
10885_77,10885,77,13.00,25,0
10886_10,10886,10,31.00,70,0
10886_31,10886,31,12.50,35,0
10886_77,10886,77,13.00,40,0
10887_25,10887,25,14.00,5,0
10888_2,10888,2,19.00,20,0
10888_68,10888,68,12.50,18,0
10889_11,10889,11,21.00,40,0
10889_38,10889,38,263.50,40,0
10890_17,10890,17,39.00,15,0
10890_34,10890,34,14.00,10,0
10890_41,10890,41,9.65,14,0
10891_30,10891,30,25.89,15,0.05
10892_59,10892,59,55.00,40,0.05
10893_8,10893,8,40.00,30,0
10893_24,10893,24,4.50,10,0
10893_29,10893,29,123.79,24,0
10893_30,10893,30,25.89,35,0
10893_36,10893,36,19.00,20,0
10894_13,10894,13,6.00,28,0.05
10894_69,10894,69,36.00,50,0.05
10894_75,10894,75,7.75,120,0.05
10895_24,10895,24,4.50,110,0
10895_39,10895,39,18.00,45,0
10895_40,10895,40,18.40,91,0
10895_60,10895,60,34.00,100,0
10896_45,10896,45,9.50,15,0
10896_56,10896,56,38.00,16,0
10897_29,10897,29,123.79,80,0
10897_30,10897,30,25.89,36,0
10898_13,10898,13,6.00,5,0
10899_39,10899,39,18.00,8,0.15
10900_70,10900,70,15.00,3,0.25
10901_41,10901,41,9.65,30,0
10901_71,10901,71,21.50,30,0
10902_55,10902,55,24.00,30,0.15
10902_62,10902,62,49.30,6,0.15
10903_13,10903,13,6.00,40,0
10903_65,10903,65,21.05,21,0
10903_68,10903,68,12.50,20,0
10904_58,10904,58,13.25,15,0
10904_62,10904,62,49.30,35,0
10905_1,10905,1,18.00,20,0.05
10906_61,10906,61,28.50,15,0
10907_75,10907,75,7.75,14,0
10908_7,10908,7,30.00,20,0.05
10908_52,10908,52,7.00,14,0.05
10909_7,10909,7,30.00,12,0
10909_16,10909,16,17.45,15,0
10909_41,10909,41,9.65,5,0
10910_19,10910,19,9.20,12,0
10910_49,10910,49,20.00,10,0
10910_61,10910,61,28.50,5,0
10911_1,10911,1,18.00,10,0
10911_17,10911,17,39.00,12,0
10911_67,10911,67,14.00,15,0
10912_11,10912,11,21.00,40,0.25
10912_29,10912,29,123.79,60,0.25
10913_4,10913,4,22.00,30,0.25
10913_33,10913,33,2.50,40,0.25
10913_58,10913,58,13.25,15,0
10914_71,10914,71,21.50,25,0
10915_17,10915,17,39.00,10,0
10915_33,10915,33,2.50,30,0
10915_54,10915,54,7.45,10,0
10916_16,10916,16,17.45,6,0
10916_32,10916,32,32.00,6,0
10916_57,10916,57,19.50,20,0
10917_30,10917,30,25.89,1,0
10917_60,10917,60,34.00,10,0
10918_1,10918,1,18.00,60,0.25
10918_60,10918,60,34.00,25,0.25
10919_16,10919,16,17.45,24,0
10919_25,10919,25,14.00,24,0
10919_40,10919,40,18.40,20,0
10920_50,10920,50,16.25,24,0
10921_35,10921,35,18.00,10,0
10921_63,10921,63,43.90,40,0
10922_17,10922,17,39.00,15,0
10922_24,10922,24,4.50,35,0
10923_42,10923,42,14.00,10,0.2
10923_43,10923,43,46.00,10,0.2
10923_67,10923,67,14.00,24,0.2
10924_10,10924,10,31.00,20,0.1
10924_28,10924,28,45.60,30,0.1
10924_75,10924,75,7.75,6,0
10925_36,10925,36,19.00,25,0.15
10925_52,10925,52,7.00,12,0.15
10926_11,10926,11,21.00,2,0
10926_13,10926,13,6.00,10,0
10926_19,10926,19,9.20,7,0
10926_72,10926,72,34.80,10,0
10927_20,10927,20,81.00,5,0
10927_52,10927,52,7.00,5,0
10927_76,10927,76,18.00,20,0
10928_47,10928,47,9.50,5,0
10928_76,10928,76,18.00,5,0
10929_21,10929,21,10.00,60,0
10929_75,10929,75,7.75,49,0
10929_77,10929,77,13.00,15,0
10930_21,10930,21,10.00,36,0
10930_27,10930,27,43.90,25,0
10930_55,10930,55,24.00,25,0.2
10930_58,10930,58,13.25,30,0.2
10931_13,10931,13,6.00,42,0.15
10931_57,10931,57,19.50,30,0
10932_16,10932,16,17.45,30,0.1
10932_62,10932,62,49.30,14,0.1
10932_72,10932,72,34.80,16,0
10932_75,10932,75,7.75,20,0.1
10933_53,10933,53,32.80,2,0
10933_61,10933,61,28.50,30,0
10934_6,10934,6,25.00,20,0
10935_1,10935,1,18.00,21,0
10935_18,10935,18,62.50,4,0.25
10935_23,10935,23,9.00,8,0.25
10936_36,10936,36,19.00,30,0.2
10937_28,10937,28,45.60,8,0
10937_34,10937,34,14.00,20,0
10938_13,10938,13,6.00,20,0.25
10938_43,10938,43,46.00,24,0.25
10938_60,10938,60,34.00,49,0.25
10938_71,10938,71,21.50,35,0.25
10939_2,10939,2,19.00,10,0.15
10939_67,10939,67,14.00,40,0.15
10940_7,10940,7,30.00,8,0
10940_13,10940,13,6.00,20,0
10941_31,10941,31,12.50,44,0.25
10941_62,10941,62,49.30,30,0.25
10941_68,10941,68,12.50,80,0.25
10941_72,10941,72,34.80,50,0
10942_49,10942,49,20.00,28,0
10943_13,10943,13,6.00,15,0
10943_22,10943,22,21.00,21,0
10943_46,10943,46,12.00,15,0
10944_11,10944,11,21.00,5,0.25
10944_44,10944,44,19.45,18,0.25
10944_56,10944,56,38.00,18,0
10945_13,10945,13,6.00,20,0
10945_31,10945,31,12.50,10,0
10946_10,10946,10,31.00,25,0
10946_24,10946,24,4.50,25,0
10946_77,10946,77,13.00,40,0
10947_59,10947,59,55.00,4,0
10948_50,10948,50,16.25,9,0
10948_51,10948,51,53.00,40,0
10948_55,10948,55,24.00,4,0
10949_6,10949,6,25.00,12,0
10949_10,10949,10,31.00,30,0
10949_17,10949,17,39.00,6,0
10949_62,10949,62,49.30,60,0
10950_4,10950,4,22.00,5,0
10951_33,10951,33,2.50,15,0.05
10951_41,10951,41,9.65,6,0.05
10951_75,10951,75,7.75,50,0.05
10952_6,10952,6,25.00,16,0.05
10952_28,10952,28,45.60,2,0
10953_20,10953,20,81.00,50,0.05
10953_31,10953,31,12.50,50,0.05
10954_16,10954,16,17.45,28,0.15
10954_31,10954,31,12.50,25,0.15
10954_45,10954,45,9.50,30,0
10954_60,10954,60,34.00,24,0.15
10955_75,10955,75,7.75,12,0.2
10956_21,10956,21,10.00,12,0
10956_47,10956,47,9.50,14,0
10956_51,10956,51,53.00,8,0
10957_30,10957,30,25.89,30,0
10957_35,10957,35,18.00,40,0
10957_64,10957,64,33.25,8,0
10958_5,10958,5,21.35,20,0
10958_7,10958,7,30.00,6,0
10958_72,10958,72,34.80,5,0
10959_75,10959,75,7.75,20,0.15
10960_24,10960,24,4.50,10,0.25
10960_41,10960,41,9.65,24,0
10961_52,10961,52,7.00,6,0.05
10961_76,10961,76,18.00,60,0
10962_7,10962,7,30.00,45,0
10962_13,10962,13,6.00,77,0
10962_53,10962,53,32.80,20,0
10962_69,10962,69,36.00,9,0
10962_76,10962,76,18.00,44,0
10963_60,10963,60,34.00,2,0.15
10964_18,10964,18,62.50,6,0
10964_38,10964,38,263.50,5,0
10964_69,10964,69,36.00,10,0
10965_51,10965,51,53.00,16,0
10966_37,10966,37,26.00,8,0
10966_56,10966,56,38.00,12,0.15
10966_62,10966,62,49.30,12,0.15
10967_19,10967,19,9.20,12,0
10967_49,10967,49,20.00,40,0
10968_12,10968,12,38.00,30,0
10968_24,10968,24,4.50,30,0
10968_64,10968,64,33.25,4,0
10969_46,10969,46,12.00,9,0
10970_52,10970,52,7.00,40,0.2
10971_29,10971,29,123.79,14,0
10972_17,10972,17,39.00,6,0
10972_33,10972,33,2.50,7,0
10973_26,10973,26,31.23,5,0
10973_41,10973,41,9.65,6,0
10973_75,10973,75,7.75,10,0
10974_63,10974,63,43.90,10,0
10975_8,10975,8,40.00,16,0
10975_75,10975,75,7.75,10,0
10976_28,10976,28,45.60,20,0
10977_39,10977,39,18.00,30,0
10977_47,10977,47,9.50,30,0
10977_51,10977,51,53.00,10,0
10977_63,10977,63,43.90,20,0
10978_8,10978,8,40.00,20,0.15
10978_21,10978,21,10.00,40,0.15
10978_40,10978,40,18.40,10,0
10978_44,10978,44,19.45,6,0.15
10979_7,10979,7,30.00,18,0
10979_12,10979,12,38.00,20,0
10979_24,10979,24,4.50,80,0
10979_27,10979,27,43.90,30,0
10979_31,10979,31,12.50,24,0
10979_63,10979,63,43.90,35,0
10980_75,10980,75,7.75,40,0.2
10981_38,10981,38,263.50,60,0
10982_7,10982,7,30.00,20,0
10982_43,10982,43,46.00,9,0
10983_13,10983,13,6.00,84,0.15
10983_57,10983,57,19.50,15,0
10984_16,10984,16,17.45,55,0
10984_24,10984,24,4.50,20,0
10984_36,10984,36,19.00,40,0
10985_16,10985,16,17.45,36,0.1
10985_18,10985,18,62.50,8,0.1
10985_32,10985,32,32.00,35,0.1
10986_11,10986,11,21.00,30,0
10986_20,10986,20,81.00,15,0
10986_76,10986,76,18.00,10,0
10986_77,10986,77,13.00,15,0
10987_7,10987,7,30.00,60,0
10987_43,10987,43,46.00,6,0
10987_72,10987,72,34.80,20,0
10988_7,10988,7,30.00,60,0
10988_62,10988,62,49.30,40,0.1
10989_6,10989,6,25.00,40,0
10989_11,10989,11,21.00,15,0
10989_41,10989,41,9.65,4,0
10990_21,10990,21,10.00,65,0
10990_34,10990,34,14.00,60,0.15
10990_55,10990,55,24.00,65,0.15
10990_61,10990,61,28.50,66,0.15
10991_2,10991,2,19.00,50,0.2
10991_70,10991,70,15.00,20,0.2
10991_76,10991,76,18.00,90,0.2
10992_72,10992,72,34.80,2,0
10993_29,10993,29,123.79,50,0.25
10993_41,10993,41,9.65,35,0.25
10994_59,10994,59,55.00,18,0.05
10995_51,10995,51,53.00,20,0
10995_60,10995,60,34.00,4,0
10996_42,10996,42,14.00,40,0
10997_32,10997,32,32.00,50,0
10997_46,10997,46,12.00,20,0.25
10997_52,10997,52,7.00,20,0.25
10998_24,10998,24,4.50,12,0
10998_61,10998,61,28.50,7,0
10998_74,10998,74,10.00,20,0
10998_75,10998,75,7.75,30,0
10999_41,10999,41,9.65,20,0.05
10999_51,10999,51,53.00,15,0.05
10999_77,10999,77,13.00,21,0.05
11000_4,11000,4,22.00,25,0.25
11000_24,11000,24,4.50,30,0.25
11000_77,11000,77,13.00,30,0
11001_7,11001,7,30.00,60,0
11001_22,11001,22,21.00,25,0
11001_46,11001,46,12.00,25,0
11001_55,11001,55,24.00,6,0
11002_13,11002,13,6.00,56,0
11002_35,11002,35,18.00,15,0.15
11002_42,11002,42,14.00,24,0.15
11002_55,11002,55,24.00,40,0
11003_1,11003,1,18.00,4,0
11003_40,11003,40,18.40,10,0
11003_52,11003,52,7.00,10,0
11004_26,11004,26,31.23,6,0
11004_76,11004,76,18.00,6,0
11005_1,11005,1,18.00,2,0
11005_59,11005,59,55.00,10,0
11006_1,11006,1,18.00,8,0
11006_29,11006,29,123.79,2,0.25
11007_8,11007,8,40.00,30,0
11007_29,11007,29,123.79,10,0
11007_42,11007,42,14.00,14,0
11008_28,11008,28,45.60,70,0.05
11008_34,11008,34,14.00,90,0.05
11008_71,11008,71,21.50,21,0
11009_24,11009,24,4.50,12,0
11009_36,11009,36,19.00,18,0.25
11009_60,11009,60,34.00,9,0
11010_7,11010,7,30.00,20,0
11010_24,11010,24,4.50,10,0
11011_58,11011,58,13.25,40,0.05
11011_71,11011,71,21.50,20,0
11012_19,11012,19,9.20,50,0.05
11012_60,11012,60,34.00,36,0.05
11012_71,11012,71,21.50,60,0.05
11013_23,11013,23,9.00,10,0
11013_42,11013,42,14.00,4,0
11013_45,11013,45,9.50,20,0
11013_68,11013,68,12.50,2,0
11014_41,11014,41,9.65,28,0.1
11015_30,11015,30,25.89,15,0
11015_77,11015,77,13.00,18,0
11016_31,11016,31,12.50,15,0
11016_36,11016,36,19.00,16,0
11017_3,11017,3,10.00,25,0
11017_59,11017,59,55.00,110,0
11017_70,11017,70,15.00,30,0
11018_12,11018,12,38.00,20,0
11018_18,11018,18,62.50,10,0
11018_56,11018,56,38.00,5,0
11019_46,11019,46,12.00,3,0
11019_49,11019,49,20.00,2,0
11020_10,11020,10,31.00,24,0.15
11021_2,11021,2,19.00,11,0.25
11021_20,11021,20,81.00,15,0
11021_26,11021,26,31.23,63,0
11021_51,11021,51,53.00,44,0.25
11021_72,11021,72,34.80,35,0
11022_19,11022,19,9.20,35,0
11022_69,11022,69,36.00,30,0
11023_7,11023,7,30.00,4,0
11023_43,11023,43,46.00,30,0
11024_26,11024,26,31.23,12,0
11024_33,11024,33,2.50,30,0
11024_65,11024,65,21.05,21,0
11024_71,11024,71,21.50,50,0
11025_1,11025,1,18.00,10,0.1
11025_13,11025,13,6.00,20,0.1
11026_18,11026,18,62.50,8,0
11026_51,11026,51,53.00,10,0
11027_24,11027,24,4.50,30,0.25
11027_62,11027,62,49.30,21,0.25
11028_55,11028,55,24.00,35,0
11028_59,11028,59,55.00,24,0
11029_56,11029,56,38.00,20,0
11029_63,11029,63,43.90,12,0
11030_2,11030,2,19.00,100,0.25
11030_5,11030,5,21.35,70,0
11030_29,11030,29,123.79,60,0.25
11030_59,11030,59,55.00,100,0.25
11031_1,11031,1,18.00,45,0
11031_13,11031,13,6.00,80,0
11031_24,11031,24,4.50,21,0
11031_64,11031,64,33.25,20,0
11031_71,11031,71,21.50,16,0
11032_36,11032,36,19.00,35,0
11032_38,11032,38,263.50,25,0
11032_59,11032,59,55.00,30,0
11033_53,11033,53,32.80,70,0.1
11033_69,11033,69,36.00,36,0.1
11034_21,11034,21,10.00,15,0.1
11034_44,11034,44,19.45,12,0
11034_61,11034,61,28.50,6,0
11035_1,11035,1,18.00,10,0
11035_35,11035,35,18.00,60,0
11035_42,11035,42,14.00,30,0
11035_54,11035,54,7.45,10,0
11036_13,11036,13,6.00,7,0
11036_59,11036,59,55.00,30,0
11037_70,11037,70,15.00,4,0
11038_40,11038,40,18.40,5,0.2
11038_52,11038,52,7.00,2,0
11038_71,11038,71,21.50,30,0
11039_28,11039,28,45.60,20,0
11039_35,11039,35,18.00,24,0
11039_49,11039,49,20.00,60,0
11039_57,11039,57,19.50,28,0
11040_21,11040,21,10.00,20,0
11041_2,11041,2,19.00,30,0.2
11041_63,11041,63,43.90,30,0
11042_44,11042,44,19.45,15,0
11042_61,11042,61,28.50,4,0
11043_11,11043,11,21.00,10,0
11044_62,11044,62,49.30,12,0
11045_33,11045,33,2.50,15,0
11045_51,11045,51,53.00,24,0
11046_12,11046,12,38.00,20,0.05
11046_32,11046,32,32.00,15,0.05
11046_35,11046,35,18.00,18,0.05
11047_1,11047,1,18.00,25,0.25
11047_5,11047,5,21.35,30,0.25
11048_68,11048,68,12.50,42,0
11049_2,11049,2,19.00,10,0.2
11049_12,11049,12,38.00,4,0.2
11050_76,11050,76,18.00,50,0.1
11051_24,11051,24,4.50,10,0.2
11052_43,11052,43,46.00,30,0.2
11052_61,11052,61,28.50,10,0.2
11053_18,11053,18,62.50,35,0.2
11053_32,11053,32,32.00,20,0
11053_64,11053,64,33.25,25,0.2
11054_33,11054,33,2.50,10,0
11054_67,11054,67,14.00,20,0
11055_24,11055,24,4.50,15,0
11055_25,11055,25,14.00,15,0
11055_51,11055,51,53.00,20,0
11055_57,11055,57,19.50,20,0
11056_7,11056,7,30.00,40,0
11056_55,11056,55,24.00,35,0
11056_60,11056,60,34.00,50,0
11057_70,11057,70,15.00,3,0
11058_21,11058,21,10.00,3,0
11058_60,11058,60,34.00,21,0
11058_61,11058,61,28.50,4,0
11059_13,11059,13,6.00,30,0
11059_17,11059,17,39.00,12,0
11059_60,11059,60,34.00,35,0
11060_60,11060,60,34.00,4,0
11060_77,11060,77,13.00,10,0
11061_60,11061,60,34.00,15,0
11062_53,11062,53,32.80,10,0.2
11062_70,11062,70,15.00,12,0.2
11063_34,11063,34,14.00,30,0
11063_40,11063,40,18.40,40,0.1
11063_41,11063,41,9.65,30,0.1
11064_17,11064,17,39.00,77,0.1
11064_41,11064,41,9.65,12,0
11064_53,11064,53,32.80,25,0.1
11064_55,11064,55,24.00,4,0.1
11064_68,11064,68,12.50,55,0
11065_30,11065,30,25.89,4,0.25
11065_54,11065,54,7.45,20,0.25
11066_16,11066,16,17.45,3,0
11066_19,11066,19,9.20,42,0
11066_34,11066,34,14.00,35,0
11067_41,11067,41,9.65,9,0
11068_28,11068,28,45.60,8,0.15
11068_43,11068,43,46.00,36,0.15
11068_77,11068,77,13.00,28,0.15
11069_39,11069,39,18.00,20,0
11070_1,11070,1,18.00,40,0.15
11070_2,11070,2,19.00,20,0.15
11070_16,11070,16,17.45,30,0.15
11070_31,11070,31,12.50,20,0
11071_7,11071,7,30.00,15,0.05
11071_13,11071,13,6.00,10,0.05
11072_2,11072,2,19.00,8,0
11072_41,11072,41,9.65,40,0
11072_50,11072,50,16.25,22,0
11072_64,11072,64,33.25,130,0
11073_11,11073,11,21.00,10,0
11073_24,11073,24,4.50,20,0
11074_16,11074,16,17.45,14,0.05
11075_2,11075,2,19.00,10,0.15
11075_46,11075,46,12.00,30,0.15
11075_76,11075,76,18.00,2,0.15
11076_6,11076,6,25.00,20,0.25
11076_14,11076,14,23.25,20,0.25
11076_19,11076,19,9.20,10,0.25
11077_2,11077,2,19.00,24,0.2
11077_3,11077,3,10.00,4,0
11077_4,11077,4,22.00,1,0
11077_6,11077,6,25.00,1,0.02
11077_7,11077,7,30.00,1,0.05
11077_8,11077,8,40.00,2,0.1
11077_10,11077,10,31.00,1,0
11077_12,11077,12,38.00,2,0.05
11077_13,11077,13,6.00,4,0
11077_14,11077,14,23.25,1,0.03
11077_16,11077,16,17.45,2,0.03
11077_20,11077,20,81.00,1,0.04
11077_23,11077,23,9.00,2,0
11077_32,11077,32,32.00,1,0
11077_39,11077,39,18.00,2,0.05
11077_41,11077,41,9.65,3,0
11077_46,11077,46,12.00,3,0.02
11077_52,11077,52,7.00,2,0
11077_55,11077,55,24.00,2,0
11077_60,11077,60,34.00,2,0.06
11077_64,11077,64,33.25,2,0.03
11077_66,11077,66,17.00,1,0
11077_73,11077,73,15.00,2,0.01
11077_75,11077,75,7.75,4,0
11077_77,11077,77,13.00,2,0